{
  "^SPX": {
    "BS": {
      "params": {
        "sigma": 0.16081277756734227
      },
      "rmse": 6.449153439085362
    },
    "Merton": {
      "params": {
        "sigma": 0.12082892260889246,
        "lam": 0.3999509332918949,
        "muJ": -0.1920657504256205,
        "deltaJ": 0.1261777998646224
      },
      "rmse": 2.003376051562869
    },
    "VG": {
      "params": {
        "sigma": 0.13286768440086186,
        "theta": -0.3227101696297765,
        "nu": 0.16390421806107158
      },
      "rmse": 2.3443190575958406
    },
    "NIG": {
      "params": {
        "alpha": 26.855789339331167,
        "beta": -19.292214060205882,
        "delta": 0.3243150420675197
      },
      "rmse": 2.043804550413503
    },
    "CGMY": {
      "params": {
        "C": 0.018120726973139753,
        "G": 0.43689591389448273,
        "M": 49.99999999999999,
        "Y": 1.5084889499227998
      },
      "rmse": 1.6847696447192393
    },
    "Heston": {
      "params": {
        "kappa": 9.767374883256387,
        "theta": 0.04421035446949886,
        "sigma": 2.1600563530182857,
        "rho": -0.7354577452205664,
        "v0": 0.028966785041270034
      },
      "rmse": 0.9066649055485833
    },
    "Bates": {
      "params": {
        "kappa": 8.837608081342962,
        "theta": 0.03529286588637897,
        "sigma": 1.5095632010073166,
        "rho": -0.7345238747582258,
        "v0": 0.02631675221326177,
        "lam": 0.02345822051924852,
        "muJ": -0.5999999999999895,
        "deltaJ": 0.46467694765196965
      },
      "rmse": 0.538429272667373
    }
  },
  "AAPL": {
    "BS": {
      "params": {
        "sigma": 0.3097878255953108
      },
      "rmse": 4.365330400262023
    },
    "Merton": {
      "params": {
        "sigma": 0.2713232649702311,
        "lam": 0.4293143286804123,
        "muJ": -0.2538434515045697,
        "deltaJ": 0.010000000000000002
      },
      "rmse": 2.696968087812903
    },
    "VG": {
      "params": {
        "sigma": 0.29446663189739275,
        "theta": -0.7145239506789092,
        "nu": 0.02648461119634766
      },
      "rmse": 2.890461712500807
    },
    "NIG": {
      "params": {
        "alpha": 20.6072720866895,
        "beta": -7.630482701337493,
        "delta": 1.666761902549025
      },
      "rmse": 2.8008047961593094
    },
    "CGMY": {
      "params": {
        "C": 0.0702264050934964,
        "G": 3.4724356719828284,
        "M": 24.508398324734998,
        "Y": 1.5296402294397773
      },
      "rmse": 2.76422265976474
    },
    "Heston": {
      "params": {
        "kappa": 14.789191807598804,
        "theta": 0.08894592873066232,
        "sigma": 2.4999999999999996,
        "rho": -0.33672026691004225,
        "v0": 0.13513160090731854
      },
      "rmse": 1.1301168076957464
    },
    "Bates": {
      "params": {
        "kappa": 14.999999999999998,
        "theta": 0.056423232695384684,
        "sigma": 0.8394264069555033,
        "rho": -0.3544619608403912,
        "v0": 0.12205804868609434,
        "lam": 0.17438966731035305,
        "muJ": -0.2998141440869215,
        "deltaJ": 0.4025178789671311
      },
      "rmse": 0.9106343584532711
    }
  },
  "SPY": {
    "BS": {
      "params": {
        "sigma": 0.1545423043689259
      },
      "rmse": 6.242905621392261
    },
    "Merton": {
      "params": {
        "sigma": 0.10945408338170949,
        "lam": 0.6861437084972111,
        "muJ": -0.1650033116289885,
        "deltaJ": 0.10307466561493675
      },
      "rmse": 1.7947010080385999
    },
    "VG": {
      "params": {
        "sigma": 0.13402454668798217,
        "theta": -0.30787190859171765,
        "nu": 0.19687867865553277
      },
      "rmse": 2.02996996585918
    },
    "NIG": {
      "params": {
        "alpha": 24.35093478977966,
        "beta": -17.96066285956754,
        "delta": 0.29161014322938944
      },
      "rmse": 1.7261812334800342
    },
    "CGMY": {
      "params": {
        "C": 0.03160586388511771,
        "G": 0.973129706764043,
        "M": 49.99999999999997,
        "Y": 1.3779094263805425
      },
      "rmse": 1.4835311506298348
    },
    "Heston": {
      "params": {
        "kappa": 7.611178293654871,
        "theta": 0.049186461409329335,
        "sigma": 2.0585651895729464,
        "rho": -0.7569294675776506,
        "v0": 0.030433879172919977
      },
      "rmse": 0.8059557117573061
    },
    "Bates": {
      "params": {
        "kappa": 7.922992246399561,
        "theta": 0.0356499306106806,
        "sigma": 1.4862535689159044,
        "rho": -0.7489425531612581,
        "v0": 0.027536275096362972,
        "lam": 0.030214480968219066,
        "muJ": -0.5999999999999999,
        "deltaJ": 0.44986589077124445
      },
      "rmse": 0.5569623931417473
    }
  }
}